{
  "id": "divxtotal",
  "name": "DivxTotal",
  "thumbnail": "divxtotal.jpg",

  "active": true,

  "searchable": true,
  "search_types": ["all", "movie", "tvshow"],

  "categories": ["movie", "tvshow", "torrent"],
  "language": ["cast", "lat", "vose", "vo"],

  "clusters": ["torrents", "news", "lasts", "qualityes", "kids", "docs", "anime"],

  "notes": "Canal con enlaces Torrent exclusivamente. Películas por géneros y calidad. También series. Puede requerir el uso de proxies en función del país/operadora desde el que se accede."
}